<?xml version="1.0" encoding="UTF-8"?>
<metadata xml:lang="en"><Esri><CreaDate>20091207</CreaDate><CreaTime>09491200</CreaTime><ArcGISFormat>1.0</ArcGISFormat><SyncOnce>TRUE</SyncOnce><ModDate>20091207</ModDate><ModTime>09232200</ModTime></Esri><dataIdInfo><idCitation><resTitle>Tanzania Rivers</resTitle><resRefDate><!-- resRefDate[refDateType/DateTypCd/@value='001']/refDate--><refDateType><DateTypCd value="001"/></refDateType></resRefDate><otherCitDet>The data remains full property of the owners. It can be accessed, reproduced and distributed given that the owner information is explicitly acknowledged and displayed in the copyright information (I.E. Produced by FAO - Africover). The Authors do not assume any responsibilities for improper use of the data. </otherCitDet></idCitation><idAbs>Data showing the general river network in Tanzania</idAbs><idPurp>The data formed part of the Africover project worked carried out by the FAO</idPurp><idStatus><ProgCd value="001"/></idStatus></dataIdInfo><mdDateSt Sync="TRUE">20091207</mdDateSt></metadata>
